"","title_data"
"1","The Structural Geology Contribution to Rock Mechanics Modelling and Rock Engineering Design"
"2","Smart Alarms Tool Development Approach For Oil Production Monitoring System"
"3","Icing Event Occurrence In Quebec: Statistical Analysis of Field Data"
"4","The Smart Acquisition And Analysis Module (SAAM) For Pipeline Inspection"
"5","Completion Optimization While Drilling - Geomechanical Steering Towards Fracable Rock Using Corrected Mechanical Specific Energy"
"6","Innovative Integrated Approach for Real-Time Liquid Rate Estimation for ESP Wells Production Optimization and Field Production Reconciliation in the Sabriyah Digital Oil Field"
"7","Geological Characteristics and Integrated Development Plan for Giant Naturally Fractured Basement Reservoirs"
"8","Localization of Gas Pipeline Rupture Using a Massive Parallelization on GPGPU"
"9","Optimizing Field Development Concepts for Complex Offshore Production Systems"
"10","Reservoir Modeling Using Multiple-Point Statistics"
"11","Intelligent Cement Design: Utilizing Machine Learning Algorithms to Assure Effective Long-term Well Integrity"
"12","Approach towards Establishing Unified Petroleum Data Analytics Environment to Enable Data Driven Operations Decisions"
"13","Measurement and use of Formation Fluid, Saturate, and Aromatic Content, With Wireline Formation Testers"
"14","Simulation While Drilling: Utopia or Reality?"
"15","Connectivity of spatially correlated fractures: simulation and field studies"
"16","Integrated Reservoir Characterization and Simulation for Reservoir Management using a Web-Based Collaborative Technical Workflow Manager"
"17","Analysis of SEAM Phase I Data and the Related Challenges"
"18","Stuck Pipe Prediction Using Automated Real-Time Modeling and Data Analysis"
"19","Changing the Injection Water on the Blane Field, North Sea: A Novel Approach to Predicting the Effect on the Produced Water BaSO4 Scaling Risk"
"20","Creating Opportunities from Challenges in a Difficult Environment: The Role of the Petrophysicist"
"21","A New Early Warning Model with Vector Machine for Abnormal Production Prediction"
"22","Well Location Selection From a Static Model and Multiple Realisations of a Geomodel Using Productivity Potential Map Technique"
"23","Selection of EOR/IOR Opportunities Based on Machine Learning"
"24","Admittance Policy Deep Draught Vessels And Safety"
"25","Integrated Rock Classification in Carbonate Formations Based on Elastic and Petrophysical Properties Estimated From Conventional Well Logs"
"26","The Mechanics of Indentation of Rock - A Critical Review"
"27","CiSoft and Smart Oilfield Technologies"
"28","Use of a Probabilistic and Multi-Objective History Matching for Uncertainty Reduction for the Norne Benchmark Case"
"29","Shale Analytics: Making Production and Operational Decisions Based on Facts: A Case Study in Marcellus Shale"
"30","Geostatistical Modeling of Facies and Fractures of the San Juan Formation and Reservoir Modeling for Delineation of Orocual Field, Venezuela"
"31","Practical Approach in Modeling Naturally Fractured Reservoir: A Field Case Study"
"32","Drilltronics: An Integrated System for Real-Time Optimization of the Drilling Process"
"33","Development of Generalized Porosity-Permeability Transforms by Hydraulic Units for Carbonate Oil Reservoirs in Saudi Arabia"
"34","The Implementation of Model-Based Predictive Emission Monitoring System for Reducing Fuel Consumption and Emissions Output"
"35","Principle of a New Flow-unit Auto-subdividing Method and its Application in DaQing Oilfield"
"36","Modular Parameter Identification for Ship Manoeuvring Prediction Based on Support Vector Machines"
"37","Development of Generalized Porosity-Permeability Transforms by Hydraulic Units for Carbonate Oil Reservoirs in Saudi Arabia"
"38","An Integrated Approach To Characterizing Non-Primary Porosity In A Reefal Reservoir"
"39","Evaluation of Water Flooding Efficiency Through the Static High Precision Temperature Logging"
"40","The Origin, Prediction and Impact of Oil Viscosity Heterogeneity on the Production Characteristics of Tar Sand and Heavy Oil Reservoirs"
"41","A Synergistic Approach for Generating Basement Reservoir Fracture Model : A Case Study from Mumbai High Basement Reservoir"
"42","Geological Modeling of a Tight Carbonate Reservoir for Improved Reservoir Management of a Miscible WAG Injection Project, Abu Dhabi, U.A.E."
"43","An Innovative Static Modeling Approach to handle a Complex Giant within a Compressed Timeframe ; A Case Study of Baram Oil Field, Offshore Sarawak, East Malaysia."
"44","The Influence of Interfacial Tension on Water-Oil Two-Phase Relative Permeability"
"45","The Role of the Marine Minerals Technology Centers"
"46","An Applied Mathematics Method of Formalizing the Comprehensive Approach to the Evaluation of Reservoir and Well Completion Characteristics"
"47","The Range and Variability of Crude Oil Effects on Steel Corrosion in Sweet and Sour Production"
"48","Evolution of Horizontal Well Hydraulic Fracturing in the Granite Wash - Understanding Well Performance Drivers of a Liquids-Rich Anadarko Basin Formation"
"49","Refracturing Strategy for Sevensprings Oilfield in China Based on Geological and Engineering Characteristics"
"50","Characterizing Sound Generated by Multiphase Flow"
"51","Combined Rate of Penetration and Pressure Regulation for Drilling Optimization Using High Speed Telemetry"
"52","Enhanced Reservoir Scenarios Management Workflow"
"53","Emerging Technologies in Subsurface Monitoring of Oil Reservoirs"
"54","Rod-Pumping Optimization Through Surface and Downhole Parameter Estimation and Simulation"
"55","3d Observer Automated Tracking System (3D ATS)"
"56","Genetic Algorithm (GA)-Based Correlations Offer More Reliable Prediction of Minimum Miscibility Pressures (MMP) Between the Reservoir Oil and CO or Flue Gas"
"57","Unconventional Approach to Resolving Primary and Secondary Porosity in Gulf Carbonates from Conventional Logs and Borehole Images"
"58","Calibrated Wireline Mechanical Rock Properties Model for Predicting and Preventing Wellbore Collapse and Sanding."
"59","A Fourier Approach to Short Term Wave Prediction"
"60","Contribution to the Physical Anc Probabilistic Sence of Indices"
"61","Modeling Wax Appearance Temperature"
"62","Prediction of Rockburst Based on an Accident Database"
"63","Seismic-Consistent Reservoir Facies Modelling; A Brown Field Example from Deep Water Niger Delta"
"64","Poststack impedance inversion using improved particle swarm optimization"
"65","AVA classification as an unsupervised machine-learning problem"
"66","A Study On Assessment of Ultimate Strength of Ship Structural Plate With Pitting Corrosion Damnification"
"67","TREAT: Transient Response Evaluation Advisor Tool"
"68","Simultaneous Corrections For Mutually-Dependent Environmental Effects Of Compensated Neutron Measurements"
"69","A Rock Mass Rating System for Predicting TBM Utilization"
"70","Automatic Traveltime Picking Using Local Time-frequency Maps"
"71","Prediction Method Research On Reservoir of Diabase Alteration Zone In Huanghua Depression"
"72","A Novel Optimization Model for Analyzing Production Data"
"73","Well Optimization Package for Progressive Cavity Pumping Systems"
"74","Which Saturation-Height Function?"
"75","Production Analysis of a Niobrara Field Using Intelligent Top-Down Modeling"
"76","Risk Reduction In Oil/Gas Exploration By Combining Geomorphological Analysis And Artificial Intelligence"
"77","Seismic Velocity Analysis Method Based on Chaotic System"
"78","Multi-criteria Approach to Automatic First Arrival Picking For 3C 3D VSP Data"
"79","Fuzzy control: An alternate mean of sand exclusion in wells?"
"80","Tunnelling Methods For Squeezing Ground"
"81","A Multistage Upwind Interpolation Method for Computing Traveltimes and Raypaths of Seismic Waves Including Complex Seabed Topography"
"82","On-line Modeling of AUV's Maneuvering Motion In Diving Plane Based On SVM"
"83","Development of an Autonomous Underwater Vehicle R1 With a Closed Cycle Diesel Engine"
"84","High-resolution Reservoir Characterization By 2-D Model-driven Seismic Bayesian Inversion: an Example From a Tertiary Deltaic Clinoform System In the North Sea"
"85","Geomechanical Study of Bakken Formation For Improved Oil Recovery"
"86","New Application of Rebound Hardness Numbers to Generate Logging of Unconfined Compressive Strength in Laminated Shale Formations"
"87","Revealing the Real Picture Behind Safety Performance Statistics"
"88","Design For Environmental Compatibility of Wind Power Systems: A Case Study On Offshore And Cold Climate From a Dependability Perspective"
"89","Near Real-Time Petrophysical Analysis Using Multidimensional Formation Models"
"90","The Research on Pick-Up Method of Recorder Chart Feature"
"91","Comparison of Computational Fluid Dynamics of Erosion in Coiled Tubing to Field and Test Data"
"92","Simulating Stochastic Reservoir Model By Secondary Seismic Spatial Information Updating."
"93","What Broke? Microseismic Analysis Using Seismic Derived Rock Properties and Structural Attributes in the Eagle Ford Play"
"94","Incorporating Memory Into Rock Mechanics Modelling And Rock Engineering Design"
"95","Basaltic Reservoirs of the Yurihara oil and gas field: A Path to Geological Modeling"
"96","Thermal maturity estimation of gas shale layers from conventional well log data: A case study from Kockatea Shale and Carynginia Formation of Perth Basin, Australia"
"97","Modelling Subsurface Uncertainties with Experimental Design: Some Arguments of Non-Conformists"
"98","Integrated Approach for Fracture Optimization"
"99","Reservoir Rock Type Definition In A Giant Cretaceous Carbonate"
"100","Shared Earth Modeling ? A New Role For Petrophysicists"
"101","Predictive Analytics: Development and Deployment of Upstream Data Driven Models"
"102","Case-based Reasoning Model of CO2 Corrosion Based on Field Data"
"103","[2]2 Integration of Exploration and Reservoir Approaches through Geophysical and Geological Technologies in Mature Areas"
"104","Dynamic Penalty Function Evolution Algorithms for History Matching of Oil and Gas Reservoir Models"
"105","Unstable EOR Displacements and Their Prediction Using the Karhunen-Loeve (K-L) Decomposition"
"106","Real Real-time Geosteering"
"107","Development of a Full-Field Parallel Model to Design Pressure Maintenance Project in the Wara Reservoir, Greater Burgan Field, Kuwait"
"108","ROVs with Semi-Autonomous Capabilities for use on Renewable Energy Platforms"
"109","Broad-Scale Parametric Spectral Form for Nonlinear Interactions in Wind Wave Spectra"
"110","A State-of-the-Art Permeability Modeling Using Fuzzy Logic in a Heterogeneous Carbonate: An Iranian Carbonate Reservoir Case Study"
"111","A New Method for Gas Well Deliverability Potential Estimation Using MiniDST and Single Well Modeling: Theory and Examples"
"112","A Hybrid Navigation System For Underwater Robotic Vehicles"
"113","Preliminary Study On Statistical Characteristics of Waves And Surges Over Taiwan Waters"
"114","Digital Oil Field Powered with New Empirical Equations for Oil Rate Prediction"
"115","Intelligent Top-Down Reservoir Modeling of New Albany Shale"
"116","The Applications of Advanced Computing Techniques to Oil and Gas Facility Optimisation"
"117","Joint Interpretation of Interwell Connectivity by Integrating 4D Seismic with Injection and Production Fluctuations"
"118","Field Test for Real Time Monitoring of Piezoresistive Smart Cement to Verify the Cementing Operations"
"119","Real Time Monitoring of Oil Based Mud, Spacer Fluid and Piezoresistive Smart Cement to Verify the Oil Well Drilling and Cementing Operation Using Model Tests"
"120","A Methodology to Integrate Multiple Simulation Models and 4D Seismic Data Considering Their Uncertainties"
"121","Application of Hidden Markov Model for Mining Microseimic Signals Classification"
"122","Real Time Geosteering of High Tech Well in Virtual Reality and Prediction Ahead of Drill Bit for Cost Optimization and Risk Reduction in Mumbai High L-III Reservoir"
"123","Third Party Interference And Leak Detection On Buried Pipelines For Reliable Transportation Of Fluids"
"124","Evaluating Possible Solutions to Enhancing Injectivity in Low Permeability Reservoirs - A Modeling Perspective"
"125","Data-Driven Modeling Improves the Understanding of Hydraulic Fracture Stimulated Horizontal Eagle Ford Completions"
"126","Integrated Asset Management Practices For Offshore Wind Power Industry: A Critical Review And a Road Map to the Future"
"127","Automatic High Resolution Texture Analysis On Borehole Imagery"
"128","Conditioning of a Carbonate Reservoir Model Using Seismic data in an Offshore Upper Mishrif Field in the Middle East"
"129","Progresses and Applications of Seismic Exploration Techniques for Complex Mountain Areas"
"130","Experiences on Heavy and Extra-Heavy Crude Rod Pumping Automation Applications using Thermal and Dilution Techniques"
"131","Classification of Buried Metallic Objects Using an Advanced Electromagnetic Instrument"
"132","Developing a Strategy for CO2 EOR in an Unconventional Reservoir Using 3D Seismic Attribute Workflows and Fracture Image Logs"
"133","The History Matching of Commingled Injectors Through the Evaluation of Horizontal Well Performance in an Offshore Carbonate Oil Field in Abu Dhabi"
"134","Log Evaluation In Low Resistivity Formation Of Tomsk Region Oil Fields"
"135","Simulation Study on Course Adaptive Control for Ship Navigating in Continuous Curved Channel"
"136","4D-Seismic and Reservoir Simulation To Map Bypassed Oil in Brown Field Development at Western Indian Offshore"
"137","A Critical Investigation of Optimization of Steam-Assisted Gravity Drainage (SAGD) in Naturally-Fractured Heavy Oil Carbonate Reservoirs"
"138","Technical Aspects Controlling the Emerging Eagle Ford Play East of the San Marcos Arch"
"139","Hanifa Exploration Potential on the Flank of the Bahrain Field"
"140","Well Failure Detection for Rod Pump Artificial Lift System Through Pattern Recognition"
"141","A Real-Time Well-Site Based Surveillance and Optimization Platform for Drilling: Technology, Basic Workflows and Field Results"
"142","Integrated Conceptual Probabilistic Model Forecast to Optimize and Prioritize the Development Plans of Exploration Prospects, Early Visualization: Sur Lago Trujillo Field Case"
"143","How Does the Incorporation of Engineering Knowledge Using Fuzzy Logic During History Matching Impact Reservoir Performance Prediction?"
"144","Analysis of stress and pore pressure in naturally fractured shale formations: a finite element based chemo-thermo-poroplastic model"
"145","CPET mapping of Stybarrow field seismic-inversion results: Patchy or uniform saturation?"
"146","Establishing Mobility Profile in a Carbonate Reservoir Using LWD Imaging Technology, A Case Study From Partitioned Zone Between Kuwait and Saudi Arabia"
"147","Numerical Simulation of Dual Phase Vacuum Extraction for the Removal of Nonaqueous Phase Liquids in Subsurface: A Canadian Case Study"
"148","Rock Heterogeneity From Thermal Profiles Using an Optical Scanning Technique"
"149","An Installation in the Northern Gulf of Mexico for Monitoring Interactions Between the Water Column and Sea-floor Sediments Containing Gas Hydrates"
"150","Reservoir Fluid Analysis Using PVT Express"
"151","""Diving Beetle""-Testbed For AUV Control Development"
"152","Parameter Sensitivity Study of a Statistical Technique for Fast Infill Evaluation of Mature Tight-Gas Reservoirs"
"153","Use of Vertical Electrical Sounding (VES) Method As an Alternative to Standard Penetration Test (SPT)"
"154","Porosity Analysis Using Borehole Electrical Images In Carbonate Reservoirs"
"155","Reservoir Management Using Production Data"
"156","Penetration Control By Monitoring Molten Pool Oscillation In TIG Arc Welding"
"157","Rock Physics Diagnostics and Modeling for Shale Gas Formation Characterization in China"
"158","Semi-Automatic Facies Up-scaling Technique for Litho-Seismic Classification - Application to a field located in Western Offshore Africa"
"159","Automatic Horizon Picking In 3D Seismic Data Using Optical Filters And Minimum Spanning Tree (Patent Pending)"
"160","Experimental Investigation on Wave Overtopping and Height along Vertical Wall for Obliquely Incident Waves"
"161","An Absolute Magnetic Rotary Encoder Based on Kalman Filter"
"162","Research on Rock Mass Parameters Determination and Failure Mechanism Simulation of Pingshuo East Surface Mine Slope"
"163","Evaluating the Effectiveness of an Engineered Completion Design Based on Lateral Reservoir Characterization in Unconventional Resource Plays: An Eagle Ford Case Study"
"164","On the Influence of Alloying and Micro Alloying on the Structure and Characteristics of New High-Strength Steels"
"165","Shear Failure Mechanism in Oil Wells Due to Reservoir Compaction “A Case Study in Gachsaran Formation, Iran”"
"166","Comparison of Core/Log and Well Test Permeabilities - A Closer Look ""Sawan Tight Sands"""
"167","Reservoir Geophysics in Brazilian Pre-Salt Oilfields"
"168","Relationship Between Rock Stress And Failure of Underground Cavern?s Wall Rock At River Valley With ?V? Shape"
"169","Geologic Controls on Oil Production from the Niobrara Formation, Silo Field, Laramie County, Wyoming"
"170","Seismic Spectral Attributes of Apparent Attenuation: Part 2 - Application"
"171","Dynamic Brazilian Splitting And Spalling Tests For Granite"
"172","Prospect Exploration Risking Using Modern Geophysical Technology"
"173","Joint Inversion Of Resistivity Logs: Limits And Possibilities"
"174","Reservoir Management in Maturing Oil Field"
"175","Novel Predictive Tool for an Accurate Estimation of the Saturated Water Content of Sour Natural Gases"
"176","A New System of a Grouting Control Process Using a Fuzzy Logic Approach"
"177","Research On the Mechanics of Clayed Rocks In the French Program On Radioactive Waste Disposal In Deep Geological Formations"
"178","Automatic First Break Picking In VSP Data Using Fuzzy Logic Systems"
"179","Strategies to Preserve the Data Fidelity at Far Offset"
"180","An Effective Approach for Uncertainty Analysis and Workflow Optimization in Undeveloped Reservoir"
"181","An Integrated Method for Well Deliverability Forecasting: A Field Example In ShengLi Oilfield"
"182","Characterization of Rock Mass Structure and Stability Analysis of Tunnel Using GeoSMA-3D Modeling"
"183","Engineered Completion Workflow Increases Reservoir Contact and Production in the Wolfcamp Shale, West Texas"
"184","Electrical Resistivity and Gamma-Ray Logs: Two Physics for Two Permeability Estimation Approaches in Abu Dhabi Carbonates"
"185","[4]6 Advanced Realtime Drilling Control by Application of an EM-MWD System"
"186","Petrophysical Properties Evaluation of Tight Gas Sands Using NMR and conventional logs"
"187","Identification of HSE Leading Indicators Using Regression Analysis"
"188","Geological and Geophysical Integration to Predict Key Carbonate Reservoir Properties and Heterogeneities in a Large Offshore Middle Eastern Carbonate Field"
"189","Effect of Sand Production on Pressure Drop for Vertical Wells in Gas Storage Reservoir"
"190","Surface Wave Attenuation Using the Shearlet and TT Transforms"
"191","Hull Form Design And Preliminary Evaluation of a Surface Planing Submersible Ship"
"192","Application of the New Gassmann Theory in Seismic Modeling of Selected Gas Reservoirs, Offshore Netherlands."
"193","Saturation Evaluation in Micritic Reservoirs: Raising to the Challenge"
"194","Analysis of Acoustic Signals On CO2 Arc Welding"
"195","Constrained Inversion of Magnetotelluric Data Using Parallel Simulated Annealing Algorithm And Its Application"
"196","Simulation Workflow Development - Capturing Formation Damage Aspects During a Field"
"197","A New Empirical Approach For Prediction Of Rock Mass Strength Based On A Strength Reducing Curve Zone Instead Of Unique Strength Reducing Curve"
"198","Rock Physics Diagnostics and Modeling for Shale Gas Formation Characterization in China"
"199","Statistical Reverse Model to Predict Mineral Composition and TOC Content of Marcellus Shale"
"200","Estimation of Reservoir Net Thickness Using Seismic Facies and Well Data in Middle Miocene Incised Valley Deposits of the Oficina FM. Oritupano Area, Eastern Venezuela"
"201","Development of X60 and X100 Linepipe Steels with High Deformation Capacity for Strain-based Design"
"202","Gas Bearing Prospect Identification by Integrated Seismic and Petrophysical Interpretation Using Effective Pore Space Approach"
"203","Optimization of Replacement Scheme of Soft Rock Mass At Large Cavern Group Using Evolutionary Finite Element Method"
"204","De-Risking Reservoir Development Using Seismic Inversion: Implication for Reserves Estimation and Well Placement Optimization"
"205","Data Integration Realizes the Promise of Multidisciplinary Efforts"
"206","Shape Optimization of Double Bottom Structure In Cooperation With Individual Mesh Sub-division And Multi-point Constraint"
"207","Achieving High Rate Completions with Innovative Thru-Tubing Sand Control"
"208","Insights from the 3D Modeling of a Densely Faulted, Stacked Reservoir System"
"209","Optimized Modeling Workflows for Designing Passive Flow Control Devices in Horizontal Wells"
"210","A Dip-Spreading Method for Horizon Tracking Based on Plane-Wave Destruction Technique"
"211","A Study on Shear Characteristics of a Smooth Rock Surface under Different Thermal, Hydro and Mechanical Conditions"
"212","Seismic Interpretation of Tectono-Sedimentary Framework of a Continental Rift Basin: A Case Study of Ed3 Member, Dongying Formation, Paleogenge, in QHD29-2 Block, Bohai Bay, China"
"213","Observations From Tight Gas Reservoir Stimulations in the Rocky Mountain Region"
"214","Dielectric Permittivity of Shales as a Measure of their Physico-Chemical Sensitivity"
"215","A Tuning Strategy to Align Static and Dynamic Modelling"
"216","Fluid-Flow Phenomenon in CT Using CFD"
"217","Aquifer Matching With Material Balance Using Particle Swarm Optimization Algorithm – PSO"
"218","Optimization of Cement Spacer System for Zonal Isolation in High-Pressure High-Temperature Wells (Russian)"
"219","New Insights Into Clay Swelling: Supercritical CO2 Interaction With Montmorillonite"
"220","Process Management Using Software Systems"
"221","An Integrated Single-Well Approach to Evaluating Completion Effectiveness and Reservoir Properties in the Wind Dancer Field"
"222","Monitoring of Molten Pool And Adaptive Control of Penetration In GTAW of Thin Mild Steel Plates"
"223","Supercritical CO2 Interaction with Montmorillonite Clay"
"224","3D Reservoir Characterization and Integrated Completion Optimization for Understanding Horizontal Well Spacing, Frac Staging, and Well Performance in the Niobrara Formation, DJ Basin"
"225","Economic Investigation and Statistical Database Development for the Oil and Gas Industry"
"226","Optimization of Cement Spacer System for Zonal Isolation in High-Pressure High-Temperature Wells"
"227","Structural Optimization of Bridge Wing For Anti-Vibration Design Using Genetic Algorithm"
"228","Migration of oil and its subsurface expressions in the deep-water Gulf of Mexico"
"229","Refracs: Why Do They Work, and Why Do They Fail in 100 Published Field Studies?"
"230","CO2 Huff-n-Puff: Initial Results from a Waterflood SSC Reservoir"
"231","Adapting Field Development Plan of Compartmentalized Oil Rim Reservoir with Significant Gas Cap and Water Aquifer - Case Study"
"232","Field Development and Optimization Plan for Compartmentalized Oil Rim Reservoir"
"233","Case Studies Of Successfully History Matched Reservoir Simulation Models Using A Powerful Optimization Algorithm Being Of Limited Predictive Value"
"234","Model Identification with Fuzzy-Optimisation Techniques in Geological Data Mining"
"235","Optimization of Solvent Additive SAGD Applications using Hybrid Optimization Techniques"
"236","Mooring Integrity and Machine Learning"
"237","Problems, Pitfalls and Probes: Welcome to the Jungle of Electrochemical Noise Technology"
"238","Comparative Performance Assessment Study of a High-Speed Gamma-Densitometer in Horizontal and Vertical Multiphase Flows"
"239","Development of the Gryphon Field Massive Injection Wing - Technical Challenges and Risks"
"240","Maximize Placement of Wells and Production in Unconventional Reservoirs: Part 2"
"241","Using a Cognitive Analytic Approach to Enhance Cybersecurity on Oil and Gas OT Systems"
"242","Approaches to Probabilistic Assessment of Radioactive Waste Tank Integrity"
"243","PHA Based on First Principles Qualitative and Quantitative Models and Empirical Knowledge"
"244","Uncertainty Assessment of Chemical EOR in One of the Offshore Fields in Malaysia"
"245","Characterizing Partially Fractured Reservoirs by Tracer Injection"
"246","Overview of Enbridge's Rupture Recognition Program"
"247","Visualize the Opportunity From Prospect to Project"
"248","Emerging Technologies In Subsurface Monitoring Of Petroleum Reservoirs"
"249","Physical and Mechanical Properties of Field-Generated Foam Cements: Implications for Cement Property Prediction and Modeling"
"250","Cost Benefit Analysis of Vegetable Oils Used As Alternatives to Diesel in the Formulation of Oil-Based Drilling Muds"
"251","Redistribution of Steam Injection in Heavy Oil Reservoir Management to Improve EOR Economics, Powered by a Unique Integration of Reservoir Physics and Machine Learning"
"252","Determination of Reservoir Permeability Based on Irreducible Water Saturation and Porosity from Log Data and FZI (Flow Zone Indicator) from Core Data"
"253","Root-Cause Identification and Production Diagnostic for Gas Wells with Plunger Lift"
"254","An Innovative Approach for Integrated Characterization and Modeling of a Complex Carbonate Reservoir"
"255","NMR Signal Pattern Classification for Estimation of Petrophysical Properties"
"256","Integrated Characterization and Modeling of Faults and Fractures: Their Impact on Reservoir Performance with Changing In-situ Stresses, Abu Dhabi"
"257","Managing Reservoir Uncertainty in Gas Field Development Using Experimental Design"
"258","A New Tool For Electro-Facies Analysis: Multi-Resolution Graph-Based Clustering"
"259","Stochastic Modeling and Uncertainty Analysis of Mature Fields"
"260","Stability Analysis and Blasting Caving Treatment of the Complex Goaf System"
"261","Downhole Fluid Analysis Tools and Methods: Laboratory Measurements vs. Downhole Fluid Analysis"
"262","Robust Well Cost Estimation Using Support Vector Machine Model"
"263","A Novel Workflow for Fracture Characterization And Well Placement Using BHI Data in WBM and OBM in deep Unconventional reservoirs of North Kuwait"
"264","Do Data Mining Methods Matter?: A Wolfcamp Shale Case Study"
"265","A Novel Workflow For Fracture Characterization And Well Placement Using BHI Data In WBM And OBM In Deep Unconventional Reservoirs Of North Kuwait"
"266","Improvement of Structural Monitoring of Jacket Platform"
"267","Delineation and Extraction of Karst and other collapse features in Giant Oil Field Offshore Abu Dhabi, UAE"
"268","Application of PSDM Imaging for Reservoir Characterisation in the Northern Malay Basin: A Case Study"
"269","Application of Linear and Partial Correlation Techniques to Enhance the Waterflooding Surveillance Process"
"270","Characterization of Rock Types With Mixed Wettability Using Log and Core Data - DOE Project Welch Field, Dawson County, Texas"
"271","Application of an Advanced Data Analytics Methodology to Predict Hydrocarbon Recovery Factor Variance Between Early Phases of Appraisal and Post-Sanction in Gulf of Mexico Deep Offshore Assets"
"272","Fracture Characterization using Borehole Image Logs and Seismic Data to Define a Successful Drilling Target in the Fractured Basement - A Case Study from the Nam Con Son Basin, Southern Offshore Vietn…"
"273","Comparison of Different Methods to Estimate Uniaxial Compressive Strength in a Barnett Shale"
"274","Waterflood Residual Oil Saturation - The Buffalo Field, Timor Sea"
"275","Behavior of Galvanized Steel in Tropical Marine Environments"
"276","From Empirical To Micro-scale Modeling Of Multiphase Flow; Bridging The Gap Of R&D"
"277","Optimized Field Development of an Offshore Carbonate Reservoir in Saudi Arabia"
"278","[1]4 Seismic Interpretation Today and Tomorrow"
"279","Multivariate Control for Managed Pressure Drilling Systems Using High Speed Telemetry"
"280","Promoting Real-Time Optimization of Hydrocarbon Producing Systems"
"281","Estimation of Stimulated Reservoir Volume Using the Concept of Shale Capacity and Its Validation With Microseismic and Well Performance"
"282","Information and Analytical System for Prevention of Drilling Fluid Loss (Russian)"
"283","Multi-scale Reservoir Characterisation from Pore Scale to Simulation Scale: Concepts and Workflows"
"284","Prediction Of Oil And Gas Bearing Potential Of Low-Permeability Reservoirs Within Sedimentary Clinoform Formations In Kondinsko-Priobskaya Oil And Gas Zone."
"285","Schedule Optimisation to Complement Assisted History Matching And Prediction Under Uncertainty"
"286","Impacts of Petrophysical Cut-Offs in Reservoir Models"
"287","CO2-Based Enhanced Oil Recovery from Unconventional Reservoirs: A Case Study of the Bakken Formation"
"288","Sweet Spot Identification and Prediction of Frac Stage Performance Using Geology, Geophysics, and Geomechanics - Application to the Longmaxi Formation, China"
"289","Post-Frac Production Analysis of Horizontal Completions in CANA Woodford Shale"
"290","Carbonate Reservoir Characterization at Different Scales: Proving the Value of Integration"
"291","Integration of Seismic Data and a Triple Porosity Model for Interpretation of Tight Gas Formations in the Western Canada Sedimentary Basin"
"292","Lessons Learned Developing the Eagle Ford Shale"
"293","Determination and Estimation of Uniaxial Compressive Strength for Macau Granite"
"294","Information and Communications Technology for the Construction of Underground Powerhouse Cavern in the Kyogoku Hydropower Project"
"295","Estimation of Underground Object Parameters and Rock Mass Properties Based on Inverse Problem Solution"
"296","Managing the Human Factor in the Incident Investigation Process"
"297","Complex Unconventional Wells Addressing Difficult Reservoir Development : A Case Study of West Kuwait Jurassic Reservoirs"
"298","A Risk Analysis Approach Using Stress Analysis Models to Design for Cement Sheath Integrity in a Multilateral Well"
"299","Field Development Strategy Applied to a North African Field using Reservoir Simulation through an integrated Asset Team Work."
"300","Fact-Based Re-Frac Candidate Selection and Design in Shale - A Case Study in Application of Data Analytics"
"301","Integrating Production Operations and Economics Under Uncertain Conditions"
"302","A Study on the Quantitative Processing Methods of Imag Data"
"303","Understanding Hydraulic Fracture Stimulated Horizontal Eagle Ford Completions"
"304","Cognitive Maps For Structural Reliability Control"
"305","The Value Proposition for Applying Advanced Completion and Stimulation Designs to the Bakken Central Basin"
"306","Bridging the Gap Between Deterministic and Probabilistic Uncertainty Quantification Using Advanced Proxy Based Methods"
"307","New Rock Mechanics Developments in China"
"308","Tracking Miscible Processes in the Subsurface Utilizing Time Lapse Shear Wave Seismic Data"
"309","Results of the Brugge Benchmark Study for Flooding Optimisation and History Matching"
"310","Computational Methodology to Study Heterogeneities in Petroleum Reservoirs"
"311","Scaling and sensitivity analysis of Gas-oil Gravity Drainage EOR"
"312","Integrated Screening Criteria for Offshore Application of Enhanced Oil Recovery"
"313","Risk in Rock Engineering: Key Issues and the Work of the ISRM Design Methodology Commission"
"314","Comparison of Corrosion Management Strategies of RC Structures Using a Reliability-Based Approach"
"315","Reservoir-Based Fracture Optimization Approach"
"316","Coaxing Information from Petrophysics and Integrated Data Analysis: The Menggala South Field Case History, Sumatra, Indonesia"
"317","Lithofacies Classification for Earth Modeling: Letting the Data Speak For Itself"
"318","Samarang Field - Seismic To Simulation Redevelopment Evaluation Brings New Life to an Old Oilfield, Offshore Sabah, Malaysia"
"319","Developing Tight Gas Sand Adviser for Completion and Stimulation in Tight Gas Sand Reservoirs Worldwide"
"320","Transforming Data into Decisions to Optimize the Recovery of the Saih Rawl Field in Oman"
"321","Past, Present, and Future Trends in Petroleum Research"
"322","Fracture Patterns and Controlling Factors using LIDAR: An Outcrop Case Study of Kuqa Depression, Tarim Basin, NW China"
"323","Installing PEMS on an Offshore Oil and Gas Complex: Developing Atmospheric Emissions Abatement Strategies with Reliable Scientific Data."
"324","Stability Analysis of Offshore Wind Turbine Installation Jack-Up Vessel Based on Multi-attribute Decision Making Theory"
"325","A new Integrated Data Analysis Algorithm and Workflow for Optimizing Horizontal Well Completion in Unconventional Reservoirs"
"326","Geopressure Evaluation from seismic data and its application for exploratory wells in Mexico"
"327","A study of acoustic emission in drilling applications"
"328","Coiled Tubing Innovation Advances New Completion Concept"
"329","Relative Permeability Rock Typing Through Clustering Combined With Heuristic Optimization"
"330","Analyzing Transient Pressure From Permanent Downhole Gauges (PDG) Using Wavelet Method"
"331","Integrated Workflow for Small Scale Reservoir Characterization Using borehole Image, NMR and Core Data"
"332","Coupled Modeling of the Strength Development and Distribution within Cemented Paste Backfill Structure"
"333","Permeability Characterization of Upper Miocene Reservoirs, Lower Congo Basin, Offshore Angola; An Integrated Approach"
"334","Inverse Problem Theory to Estimate Thermo-Poroelastic Parameters: An Analytical/ Experimental Approach"
"335","Seismic Modeling Analysis and Characterization of a Gas Hydrate and Free Gas Mixed System in Green Canyon, Gulf of Mexico"
"336","Geologically Oriented Geostatistics: an Integrated Tool for Reservoir Studies"
"337","Optimizing Estimates of Probabilistic Reserves from Production Trends Using a Bayesian Approach"
"338","Using Petrophysics To Improve Recovery: Whitney Canyon-Carter Creek Field, Western Wyoming Thrust Belt, Usa"
"339","A Critical Investigation of Optimization of Steam-Assisted Gravity Drainage SAGD in Naturally-Fractured Heavy Oil Carbonate Reservoirs Under Uncertainty"
"340","Integrated Deep-ocean Ship-to-Seafloor System:Mining And Drilling"
"341","Investigation And Modelling of Suspended Particulate Matter In Port Phillip Bay"
"342","Designing a New Low-reflectivity Quay Wall Caisson"
"343","Integration of Seismic Attribute Analysis And Well Data to Identify Depositional Trends: A Case Study From Kuwait"
"344","Injection Allocation in Multi-Layer Water Flooding Reservoirs Using SVM Optimized by Genetic Algorithm"
"345","A Surrogate-based Adaptive Sampling Approach for History Matching and Uncertainty Quantification"
"346","Optimization of Residual Gas and Solubility Trapping for CO2 Sequestration in Saline Aquifers"
"347","Study On Simplified Evaluations of Buckling Strength And Natural Frequency For Stiffened Panel"
"348","3D Fem Simulations Of Layered Rocks Using Orthotropic Elastic Symmetry And Anisotropic Strength Improve Predictions Of Wellbore Failure And In-Situ Stress"
"349","Innovative Technique for Efficient Placement of Multi-Pattern Infill Wells Under Geological Uncertainty"
"350","Firefly Optimization, A Novel Algorithm to the Arena of Assisted History Matching"
"351","Bubble Point Pressure Empirical Correlation"
"352","Integration of Post-Frac Production Logging Data with Pre-Frac Static Petrophysical Description Enhances Reservoir Characterization"
"353","Multiphase Pumping As an Alternative to Conventional Separation, Pumping And Compression"
"354","A Study on the Nonlinear Roll Behavior of a FPSO Using Hilbert Transform"
"355","Improvement of Corrosion Resistance of Sheet Piling In Seawater"
"356","Eddy Current for Sizing Cracks in Canisters for Dry Storage of Used Nuclear Fuel"
"357","Sedimentary Bodies Identification Using The Phase Coefficients Of The Wavelet Transform"
"358","Signal Profiles And Images Of Corroded Steel Bars In Concrete Generated By Inductive Scanning Technique Using Heterodyning Sensor"
"359","Computed Tomography Study of VAPEX Process in Laboratory 3-D Model"
"360","A New Look at the Minimum Miscibility Pressure (MMP) Determination from Slimtube Measurements"
"361","Numerical Simulation and Optimization of SAGD Process in Surmont Oil Sands Lease"
"362","Achieving High Chloride Threshold Levels on Steel in Concrete"
"363","Modeling the Functional Behavior of Corrosion Inhibitors"
"364","Integrating well production data and 3D seismic AVO classification"
"365","Accurate 3D Seismic Interpretation of Large Braided Delta Reservoir & Outcrop Analogs In Northwest China."
"366","Trajectory Tracking Control of a ROV For Lifting Objects"
"367","CO2 Miscible Flood Simulation Study, Roberts Unit, Wasson Field, Yoakum County, Texas"
"368","Some Considerations about Image Analysis of Seafloor Photographs for Better Estimation of Parameters of Polymetallic Nodule Distribution"
"369","CO2-Oil Minimum Miscibility Pressure Model For Impure And Pure CO2 Streams"
"370","Using Data Mining to Build a Tool to Estimate the Extent of Pipeline Corrosion"
"371","A Comprehensive Approach For History Matching A Giant And Complex Oil Reservoir"
"372","An Accurate Prediction of CO2 Minimum Miscibility Pressure (MMP) Using Alternating Conditional Expectation Algorithm (ACE)"
"373","Developing Performance Estimates of the Heterogeneous Upper Sands of the Greater Burgan Field Using Part Field Models"
"374","An Inductive Learning-based Intelligent Optimization Technology of Hull Form"
"375","Rock Mass Grouting for Dams, an Observational Design Approach"
"376","On Reducing Scouring by Controlling Junction Flow"
"377","Predicting Tunnel Convergence in Weak Rocks: Multivariate Adaptive Regression Spline and Rough Set Theory Approaches"
"378","A New Method For Reduction of Trial And Error In Design of Suction Piles And Its Application In Caspian Sea"
"379","Impact of the Reclamation Engineering on the Evolution of Jiangsu Muddy Coast, China"
"380","Geosteering In Umm Gudair Field With Simultaneous Density And Resistivity Images In Real Time (First Time In The World)"
"381","Seismic Application in Horizontal Well Drilling - Brazeau River Nisku D Pool"
"382","Integrated Studies on a Conveyor Belt - A New Study Workflow for Field Development Centers"
"383","Environmental Impact Evaluation of a Safe Drilling Mud"
"384","Prediction Of Effective Porosity Over The Field Using 3D Seismic Multiattributes, Seismic Acoustic Impedance And Well-Driven Effective Porosity"
"385","A Successful Deployment of LWD Technique for Water Shut-off Application, An Integrated Teamwork Approach Managed to Activate Horizontal Wells Economically."
"386","Recent Research On Tubular Joints With Very Thick-walled Chords"
"387","Modelling a Complex Niger Delta Reservoir for Secondary Recovery: The Use of Assisted History Matching for Improved Uncertainty Management"
"388","Soft Computing Algorithms Accelerate and Improve the History Matching Process: Elk Hills, 29R Reservoir"
"389","A Novel Approach To Real Time Detection Of Facies Changes In Horizontal Carbonate Wells Using Lwd Nmr"
"390","A Methodology to Discover Contaminated Data in Spatial Databases"
"391","Multidiscipline Approach to Real-Time Optimization of Down-Spaced Pay Adds in a Mature Gas Play, San Juan Basin, New Mexico"
"392","The How's and Why's of Probabilistic Well Cost Estimation"
"393","Insights into a New Super-Giant Gas Field - Sedimentology and Reservoir Modeling of the Coral Reservoir Complex, Offshore Northern Mozambique"
"394","Continuous Scratch Testing on Core Allows Effective Calibration of Log-Derived Mechanical Properties for Use in Sanding Prediction Evaluation"
"395","Electrical Property Estimation For Complex Carbonate Reservoirs Using Wireline Logs"
"396","Oil production optimization for fields with sensitive wells and gas handling limitation."
"397","Reconstruction Of The S-Wave Velocity Log In Carbonate Formations"
"398","Analysis of a Successful Cyclic Steam Process at Cymric Field, California"
"399","Prediction of Onset of Gas Hydrate Formation in Offshore Operations"
"400","A New Approach to the Interpretation of Wellbore Images"
"401","Numerical Modeling of Multifracture Horizontal Well for Uncertainty Analysis and History Matching: Case Studies From Oklahoma and Texas Shale Gas Wells"
"402","Pipeline Optimization: Dynamic Programming After 30 Years"
"403","Optimization of CO2-EOR Process in Partially Depleted Oil Reservoirs"
"404","Integrated Approach for Facies Identification and Saturation Height Modelling (Case Study from a Middle Indus Stratigraphic Field)"
"405","A Novel Method to Optimize Horizontal Bakken Completions in a Factory Mode Development Program"
"406","Benefits of User Programmable Logic In Pipeline Simulation"
"407","Real-Time Decision-making for Value Creation while Drilling"
"408","Use of Data-Driven and Engineering Modeling to Plan and Evaluate Hydraulic Fracture Stimulated Horizontal Bakken Completions"
"409","Cyclic Steam Injection Modeling and Optimization for Candidate Selection, Steam Volume Optimization, and SOR Minimization, Powered by Unique, Fast, Modeling and Data Assimilation Algorithms"
"410","Advanced Tools For Improving the Profitability of Pipeline Operations"
"411","Geostatistical Reservoir Modeling Accounting for Precision and Scale of Seismic Data"
"412","Accounting for Deep-Water Reservoir Heterogeneities Through 3D/4D Seismic-Guided Reservoir Model Petrophysical In-filling"
"413","Cooling of a Wire as the Model for a Rupture Location"
"414","From Market Basket Analysis to Wellhead Monitoring: Using Events to Increase Oil Recovery"
"415","Multiscale Workflow For Reservoir Simulation"
"416","[RFP]3 Acquisition of Reservoir Data and Their Incorporation in the Construction and Updating of Dynamic, Integrated Reservoir Models"
"417","Machine Learning Methods to Speed up Compositional Reservoir Simulation"
"418","Accurate Load Forecasting - ""You Cannot Be Serious"""
"419","Optimizing Unconventional Completions - An Integrated Approach"
"420","Subsea Condition Monitoring: A Path To Increased Availability And Increased Recovery"
"421","Pore Microstructure and Fluid Distribution in a Diatomaceous Reservoir"
"422","Big Data Analytics for Predictive Maintenance Modeling: Challenges and Opportunities"
"423","Development of Surrogate Reservoir Models (SRM) For Fast Track Analysis of Complex Reservoirs"
"424","An Integrated Framework for SAGD Real-Time Optimization"
"425","Adjoint-Based Well Trajectory Optimization"
"426","A Study on the Development of Prognosis System for Offshore Plant Equipment"
"427","First Borehole to Surface Electromagnetic Survey in KSA: Reservoir Mapping and Monitoring at a New Scale"
"428","Comparison of the Impact of Fracturing Fluid Compositional pH on Fracture Wall Properties in Different Shale Formation Samples"
"429","Capturing the Effect of Fracture Heterogeneity on Multi-phase Flow"
"430","Integrated Asset Modeling for Reservoir Management of a Miscible WAG Development on Alaska"
"431","Fracture System in the Carbonate Reservoirs of Abu Dhabi: Implications for Field Development"
"432","Advances in Petroleum Reservoir Monitoring Technologies"
"433","Flow Unit Determination In A Vuggy Dolomite Reservoir, Dagger Draw Field, New Mexico"
"434","Data Mining and Predictive Analytics Transforms Data to Barrels"
"435","Self-Learning Reservoir Management"
"436","Implementation of Transformers On-line Condition Monitoring Systems"
"437","Marcellus Shale Gas Asset Optimization Driven by Technology Integration"
"438","Steel Coiled Tubing Defect Evaluation Using Magnetic Flux Leakage Signals"
"439","A North American Review of Commercial Shale Plays; Have we Learned Anything Besides Serendipity?"
"440","Predicting Critical Drawdown for the Onset of Sand Production"
"441","Characteristics And Interactions of Multiple Beach Cusp Systems On a Meso-Tidal, Steeply-Sloping Beach"
"442","Right Time Decision of Artificial Lift Management for Fast Loop Control"
"443","A Methodology to Nondestructively Evaluate the Safety of Offshore Platforms"
"444","""Pozoteca"" Integrated Management of Technical Information on Exploration and Production Wells"
"445","Beyond Volumetrics: Unconventional Petrophysics for Efficient Resource Appraisal (Example from the Khazzan Field, Sultanate of Oman)"
"446","Research on Novel Improved Sliding Mode Control of Autonomous Underwater Vehicle (AUV)"
"447","Case History: Seismic facies analysis based on 3D multiattribute volume classification in Shadegan Oilfield - Asmari Reservoir, Iran."
"448","Novel Methods for Asset Integrity Management in a Low Oil-Price Environment"
"449","A New Fluid Property - Insitu Formation Volume Factors from Formation Testing"
"450","Quantification of Vuggy Porosity in a Dolomite Reservoir from Borehole Images and Core, Dagger Draw Field, New Mexico"
"451","Effect of DFN Upscaling on History Matching and Prediction of Naturally Fractured Reservoirs"
"452","Compositional Modeling of EOR Process in Stimulated Shale Oil Reservoirs by Cyclic Gas Injection"
"453","Using a Calibrated 3D Fracturing Simulator to Optimize Completions of Future Wells in the Eagle Ford Shale"
"454","Extensions to and Roll Out of Data Driven Production Surveillance and Optimization"
"455","Effect of Tropical Environment In Transmission Towers"
"456","Estimation of Stimulated Reservoir Volume Using the Concept of Shale Capacity and its Validation with Microseismic and Well Performance: Application to the Marcellus and Haynesville"
"457","New Drilling and Completions Applications for a New Era"
"458","Stimulation Strategies to Guard against Uncertainties of Carbonate Reservoirs"
"459","Basic Research On the Relationship Between Wave Growth And Atmospheric Depressions From the Viewpoint of Ship Operations"
"460","Spontaneous Water Imbibition into Diatomite"
"461","Optimization of Multilateral Well Design and Location in a Real Field Using a Continuous Genetic Algorithm"
"462","Identifying High-Impact Parameters in Stimulation Treatments Using a Trend Empirical Analysis Model"
"463","Through-the-Bit Logging Technology Enables Improved Reservoir Characterization in the Orinoco Belt, Venezuela: 3D Structural Model Integrating Advanced Logs in a Multiwell Study"
"464","Quantification of Hydrocarbon Saturation in Carbonate Formations Using Simultaneous Inversion of Multiple NMR Echo Trains"
"465","Field Tests Results of Production Inside Hydrate P&T Zone Using New Hydrate Monitoring Instruments"
"466","Problems of Gas Condensate Field Production Solved by Novel Enlarged Block Simulator"
"467","Direct Measurement of Dynamic Relative Permeability from CT Monitored Spontaneous Imbibition Experiments"
"468","Post-Frac Production Analysis of Horizontal Completions in CANA Woodford Shale"
"469","Effect of Mobility and Convection-Dominated Flow on Evaluation of Reservoir Dynamic Performance by Fast Marching Method"
"470","Prediction of Bed Geometry, Net And Gross Reservoir Thickness"
"471","Interpretation of the Non-Archie Resistivity Behaviour in Vuggy Carbonates: Use of Pore Structure Parameters"
"472","Deployment of a Generic Expert System to Rank Operations Business Opportunities Automatically Under Ever Changing Economic Conditions"
"473","Advances in Integrated Database Systems for Corrosion Management of Oil and Gas Production"
"474","General Report Theme 4: In-situ Tests And Measurements, Monitoring"
"475","The Central Role and Challenges of Integrated Production Operations (System integration of technology, human and operating systems)"
"476","Understanding the seismic disorder attribute and its applications"
"477","Disributed principal component analysis for data compression of sequential seismic sensor arrays"
"478","An Innovative and Interactive Tool to Optimize Well Placement and Qualify Reservoir Risks"
"479","Leveraging Single Phase Characteristics of Water Injectors to Optimize Reservoir Pressure Surveillance"
"480","A hybrid PSOGSA-based inversion of noise corrupted seismic data using singular spectrum-based time slice denoising"
"481","Advanced self-organizing map facies analysis with stratigraphic constraint"
"482","Utilization of Geosciences, Geostatistics, and Fluid Flow Simulations to Evaluate Well Placement Sensitivity"
"483","Flow Behavior of Fracturing Slurries in Coiled Tubing"
"484","Formation Compaction Surveillance in Deepwater Gulf of Mexico: Applications, Experiences and Best Practices"
"485","Exploiting Redundancy In Underwater Vehicle-Manipulator Systems"
"486","Enhanced Rock Strength Modelling, Combining Triaxial Compressive Tests, Non-Destructive Index Testing and Well Logs"
"487","Parametric Study of Solids Deposition In a Heavy-Oil Transmission Pipeline"
"488","Optimizing Maximum Reservoir Contact Wells: Application to Saudi Arabian Reservoirs"
"489","Nuclear Logging Technology Present And Future? An Operating Company Perspective"
"490","Simulation Based Performance Test of a Natural Gas Transmission Pipeline with Compressor Station"
"491","The Application of Multistage Geometric Analysis Method in Natural Fracture Identification"
"492","Complex Well Modeling Workflow Enabling Full Field Optimization and Forward Decisions"
"493","Design and development of a novel, non-invasive instrument for measuring the density of multiphase mixtures"
"494","Fluid Typing in Variable Water Salinity Environments: Application of Geodesic Transformations of LWD Time-Lapse Measurements"
"495","Field Test of the Integrated Computational Elements: A New Optical Sensor for Downhole Fluid Analysis"
"496","Guidelines for Selecting Appropriate PVT Correlations for Black Oils"
"497","Hydro-Structural Aspects of Floating Production Storage And Offloading Systems (FPSOs)"
"498","Sour Service X65 Seamless Linepipe For Offshore Special Applications"
"499","Sobol Sequence, a Novel Experimental Design Technique for Improved Uncertainty Quantification of Petroleum Reservoirs"
"500","Approaches to the Analysis of Spectral Decomposition for the Purpose of Detailed Geological Interpretation"
"501","Determining Size and Shape of Fractures from Trace Data using a Differential Evolution Algorithm"
"502","Scientific Objectives of the Gulf of Mexico Gas Hydrate JIP Leg II Drilling"
"503","A Technique For The Assessment Of Pipeline Internal Corrosion By The Measurement Of Cleaning Pig Vibration"
"504","Management of Sour Gas by Underground Injection - Assessment, Challenges and Recommendations"
"505","Early Determination Of Pvt Data And Integration With Formation Testing Information To Reduce The Petrophysical Uncertainties In West Africa: Part-2"
"506","Probabilistic proposal of an oil-water flow pattern map for horizontal pipelines"
"507","Numerical Modeling of Deterioration In Marine Concrete Structures"
"508","A Simulated Annealing Approach to Constrained Nonlinear Optimization of Formation Parameters in Quantitative Log Evaluation"
"509","An Assessment of Engineering, Economical and Environmental Drivers of Sour Gas Management by Injection"
"510","Application of Improved Method for Permeability Estimation in Complex Lithology Reservoirs"
"511","Are Preflushes Really Contributing to Mud Displacement During Primary Cementing?"
"512","Secondary Porosity; A Key Parameter Controlling The Hydrocarbon Production In Heterogeneous Carbonate Reservoirs (Case Study)"
"513","Thinly Bedded Reservoir Characterization, From Qualitative to Quantitative Approach, Case Studies in a Cenozoic Basin of Malaysia"
"514","Evaluation of a Statistical Infill Candidate Selection Technique"
"515","Development of Optimal Water Control Strategies"
"516","Infill Drilling-lessons Learnt In the Past 20 Years"
"517","Extreme Multistage Fracturing Improves Vertical Coverage and Well Performance in the Lost Hills Field"
"518","Rock Classification in the Haynesville Shale-Gas Formation Based on Petrophysical and Elastic Rock Properties Estimated From Well Logs"
"519","Simulation of Trapping Processes for CO2 Storage in Saline Aquifers"
"520","Usability of Laser-TIG Hybrid Welding Processes"
"521","Well log Conditioning for Quantitative Seismic Interpretation"
"522","Well Spacing Optimization in Eagle Ford Shale: An Operator's Experience"
"523","Integrated Evaluation of Water Phase Trapping Damage Potential in Tight Gas Reservoirs"
"524","Selective Perforation and Design of Multi-Pattern Infill Wells in Field Development Planning and Optimization Under Geological Uncertainty"
"525","HPHT Hydraulic Fracturing Proving Late Jurassic Cretaceous Petroleum System Reserved at Krishna Godavari Basin"
"526","Fast Method Finds Infill Drilling Potentials in Mature-Tight Reservoirs"
"527","Applications and Problem Solving Using the Polarization Technique"
"528","Horizontal Shale Well EUR Determination Integrating Geology, Machine Learning, Pattern Recognition and MultiVariate Statistics Focused on the Permian Basin"
"529","Downhole Formation Fluid Identification in a Mature Multi-Layer Reservoir: A Case Study of an Advanced Wireline Formation Tester and Operational Practices for Highly Depleted Reservoir Evaluation"
"530","Examining the Impact of Hydrocarbon Drainage on Completion and In-fill Drilling Strategies in Unconventional Reservoirs"
"531","Estimation Of Gas/Oil Ratios And Detection Of Unusual Formation Fluids From Mud Logging Gas Data"
"532","Integrated 3D Modelling in a Structurally Complex Brown Field: A Foundation for Improved Reservoir Management and Optimisation of Further Development"
"533","Using Large Digital Data Sets to Improve the Accuracy of Reservoir Pressure Measurements"
"534","Nuclear Source Replacement - Promises And Pitfalls"
"535","Stochastic-based Coupling of Static and Dynamic Models: An Example From the Meremac Formation in the STACK Play"
"536","Strategies and Techniques for a Giant Sandstone Oilfield Development: A Road Map To Maximize Recovery"
"537","Trinidad Columbus Basin Petrophysics Field Study Part 2: Permeability and Water Saturation"
"538","An Efficient Reservoir-Simulation Approach To Design and Optimize Improved Oil-Recovery-Processes With Distributed Computing"
"539","Improving Cement Bonding and Zonal Isolation in Gas Wells Located in Southern Chile"
"540","Discrete Event Simulation For The Risk Analysis Of Drilling Projects"
"541","The Methods Taken in SZ36-1 Oilfield in the Early Stage of Production"
"542","A Framework to Design and Optimize Surfactant-Enhanced Aquifer Remediation"
"543","Improved CO2 Flood Predictions Using 3D Geologic Description and Simulation on the Sundown Slaughter Unit"
"544","New Methods for Determining Infill Drilling Potentials in Large Tight Gas Basins"
"545","Geostatistical Modeling and Numerical Simulation of the SAGD Process: Case Study of an Athabasca Reservoir with Top Water and Gas Thief Zones"
"546","Wave Climate Study Around Kirinda Fishery Harbour In Sri Lanka Using SWAN Model"
"547","Improving Geologic Core Descriptions And Heterogeneous Rock Characterization Via Continuous Profiles of Core Properties"
"548","Trajectory And Attitude Control of a Tethered Underwater Robot"
"549","Microseismic Fracture Monitoring"
"550","Minimizing Hydrate Inhibitor Injection Rates"
"551","Mechanistic Modeling of Annular Two-Phase Flow While Underbalanced Drilling in Iran"
"552","How Integrated Field Studies Help Asset Teams Make Optimal Field Development Decisions"
"553","An Integrated Reservoir Modelling and Evolutionary Algorithm for Optimizing Field Development in a Mature Fractured Reservoir"
"554","Upscaled Multi-Phase Flow Properties of Fracture Corridors"
"555","Turning Data into Knowledge: Data-Driven Surveillance and Optimization in Mature Fields"
"556","Method for Adaptive Optimization of EOR Performance under Uncertainty"
"557","Lithofacies Prediction And Permeability Values Estimation From Conventional Well-logs Applying Fuzzy Logic - Case Study: Alwyn North Field"
"558","Fracture Characterization for Integrated Studies: A new approach and its applications"
"559","A Combined Geological, Geophysical and Rock Mechanics Approach to Naturally Fractured Reservoir Characterization and Its Applications"
"560","Smart Proxy: An Innovative Reservoir Management Tool; Case Study of a Giant Mature Oilfield in the UAE"
"561","Drilling Modeling and Simulation: Current State and Future Goals"
"562","An innovative workflow to model fractures in a giant carbonate reservoir"
"563","Methodology and Applications of A Multidisciplinary Reservoir Engineering Study for the Mature Oilfield"
"564","A Case Study: Production Management Solution ""Back Allocation and Advance Well Monitoring"" - Litoral de Tabasco Asset"
"565","Modelling Complex Heavy Oil Reservoir System in Kuwait: Integration of Genetic Stratigraphy in Petrophysical Rock-Type Classification"
"566","Case Studies on Structural Health Monitoring of Offshore Bottom-Fixed Steel Structures"
"567","Streamline-Based Time Lapse Seismic Data Integration Incorporating Pressure and Saturation Effects"
"568","Reservoir Rock Type Classification and Variation of Reservoir Quality in the Arab Formation, Dukhan Field, Qatar"
"569","Reliability Analysis of the Extreme Responses of Moored Structures"
"570","The Impact of Oil Viscosity Heterogeneity on the Production Characteristics of Tar Sand and Heavy Oil Reservoirs. Part II: Intelligent, Geotailored Recovery Processes in Compositionally Graded Reservo…"
"571","Waterflood Recovery Optimization Using Intelligent Wells and Decision Analysis"
"572","On-Line Simulations For The Gas Controller"
"573","Application of Assisted Optimization to Aid Oil Exploitation Strategy Selection for Offshore Fields"
"574","Rock mechanics modeling based on soft granulation theory"
"575","ROLE OF R&D AS DRIVING FORCE FOR FUTURE E&P"
"576","Improved RBF-Based NMR Pore-Throat Size, Pore Typing, and Permeability Models for Middle East Carbonates"
"577","Development of a Fuzzy System Model for Candidate-well Selection for Hydraulic Fracturing in a Carbonate Reservoir"
"578","Hydraulic Fracturing Candidate-Well Selection by Interval Type-2 Fuzzy Set and System"
"579","Intelligent Interfaces for Fracturing Simulators: Part II-System Implementation and Application"
"580","Feedback Controllers for the Simulation of Field Processes"
"581","Automatic Discontinuity Set Identification Using Genetic Algorithm Based Clustering Technique"
"582","Landslide Susceptibility Zonation - A Comparison of Natural and Cut Slopes Using Statistical Models"
"583","Application of Simulated Annealing and Other Global Optimization Methods to Reservoir Description: Myths and Realities"
"584","New Frontiers in 3D Seismic Characterization of Carbonate Reservoirs: Example from a Supergiant Field in Abu Dhabi"
"585","Numerical Modeling of a Triple Porosity Reservoir"
"586","Waterflooding: Same Old, Same Old?"
"587","Interpreting Pressure and Flow Rate Data from Permanent Downhole Gauges Using Data Mining Approaches"
"588","Fast Inversion Of Borehole Array Induction Data Using An Inner-Outer Loop Optimization Technique"
"589","A Model of Canadian Oil and Gas Price Fluctuations: 2012 Update"
"590","Power Cost Optimization Using Data Analytics-Based Load Forecasting in Upstream O&G Operations"
"591","Pig Tracking In a Natural Gas Pipeline Using an Analytical Model And Operational Data"
"592","Improved Estimation Of Mineral And Fluid Volumetric Concentrations In Thinly-Bedded And Invaded Formations"
"593","Improvements to Deepwater Subsea Measurements RPSEA Program: Evaluation of Flow Modelling"
"594","A Risk Based Model to Quantify Differential Sticking Risk in Drilling Depleted Reservoir Formations"
"595","Rock Classification in Carbonate Reservoirs based on Static and Dynamic Petrophysical Properties Estimated from Conventional Well Logs"
"596","Well Placement Optimization in a Mature Carbonate Waterflood using Streamline-based Quality Maps"
"597","A Model for Optimizing Energy Investments and Policy under Uncertainty"
"598","Meeting the Challenges of Real Time Production Optimization - A Parametric Model-based Approach"
"599","Reservoir Connectivity Evaluation and Upscaled Model Screening Using Streamline Simulation"
"600","Faster Convergence in Seismic History Matching by Efficient Parameter Searching."
"601","Cuttings Transport Modeling - Part 1: Specification of Benchmark Parameters with a Norwegian Continental Shelf Perspective"
"602","Akaike's Information Criterion in Packer Test Analysis"
"603","Identification and Repair of Narrow Axial External Corrosion Using Ultrasonic Internal Inspection"
"604","A New Diagnostic Method for Prediction of Producibility and Reserves of Wells Producing From the Monterey Formation Using Well-Log Data"
"605","Integrated Field Modelling of the MISKAR Field"
"606","Identification of Horizontal Well Placement Using Fuzzy Logic"
"607","The Future of Surveillance"
"608","Production Optimization: A Moving-Horizon Approach"
"609","Performance and Economic Evaluation of Cyclic Pressure Pulsing in Naturally Fractured Reservoirs"
"610","Associative Data Modeling and Ant Colony Optimizaton Approach for Waterflood Analysis"
"611","Automated Optimization of Interdependent Artificial Lifting Fields Using Integrated Response Surface Model and Hybrid Heuristic-Gradient Algorithm: A Field Case Study"
"612","Exploratory Data Analysis in Reservoir Characterization Projects"
"613","Processing and Preliminary Interpretation of the Ultra High-Density Full-Azimuth 3D Seismic Survey, Dukhan Field, Qatar"
"614","General Report: Computational Methods In Rock Mechanics"
"615","Special Session - Gas Hydrates: Gulf of Mexico Gas Hydrates Joint Industry Project: Overview of Leg II LWD Results"
"616","Integrated Reservoir Study of Shushufindi Field - Dynamic Modeling"
"617","A New Bayesian Approach for Analogs Evaluation in Advanced EOR Screening"
"618","Rapid Optimization of Development Scenarios for Multiple Exploration Prospects Using Integrated Asset Modeling"
"619","Static and Dynamic Characterization of Fracture Pattern in the Upper Jurassic Reservoirs of an Offshore Abu Dhabi Field: From Well Data to Full Field Modeling"
"620","Innovative Data-Driven Permeability Prediction in a Heterogeneous Reservoir"
"621","Wettability Quantification - Prediction of Wettability for Australian Formations"
"622","Rock Strength from Core and Logs, Where We Stand and Ways to Go"
"623","New Evidence on the Drivers of HSE Incidents and Reporting, and Implications for HSE Policy"
"624","Sobol and Halton Sequences: Efficient Experimental Design Techniques towards Improved Uncertainty Quantification of Petroleum Reservoirs"
"625","Petrophysical and Geological Evaluation of Laminated Clastic Rocks Using Borehole Electrical Image and NMR Data Integration"
"626","Using Regression Analysis to Relate Safety and Environmental Outcomes to Incidence Factors"
"627","Preliminary Evaluation of the Production Potential of Recently Discovered Hydrate Deposits in the Gulf of Mexico"
"628","Field Applications of a Multi-Scale Multi-Physics History Matching Approach"
"629","Simulation of CO2 Storage in Saline Aquifers"
"630","Sample Quality Prediction with Integrated Oil and Water-based Mud Invasion Modeling"
"631","Logging-While-Drilling in Unconventional Shales"
"632","Chemistry Considerations of P1 Base Materials to Mitigate Hydrogen Embrittlement Exposure"
"633","Lamination Analysis from Electrical Borehole Images: A Quantitative Workflow"
"634","Gulf of Mexico Gas Hydrate Joint Industry Project Leg II: Initial Results from the Green Canyon 955 Site"
"635","Sour Localized Pitting Corrosion Model of Carbon Steel: A Status Update"
"636","Automatic Filtering and Monitoring of Real-Time Reservoir and Production Data"
"637","Well Placement Optimization Using a Genetic Algorithm With Nonlinear Constraints"
"638","Model-Based A Priori Evaluation of Surveillance Programs Effectiveness using Proxies"
"639","Using Seismic Attributes and Multiple-Point Statistics to Condition Facies Modelling of a Deepwater Turbidite Reservoir"
"640","Best Practices for the Collection, Analysis, and Interpretation of Seabed Geochemical Samples To Evaluate Subsurface Hydrocarbon Generation and Entrapment"
"641","Streamlining the Environmental Impact Assessment Process of Underwater Noise from Petroleum Exploration & Production Operations"
"642","A Structured Approach for Probabilistic-Assisted History Matching Using Evolutionary Algorithms: Tengiz Field Applications"
"643","Novel Methodology for Full-Field Production Forecasting in a Large Steamflood, Mukhaizna Field, Oman"
"644","Preparing a Business Case for Technology Investment in Production Operations"
"645","Production Logging Interpretation Techniques: Past And Future"
"646","Kick Simulation for Well Design and Kick Management on the U.K. Continental Shelf: Current Industry Practice and Challenges for the Future"
"647","A Multidisciplinary Approach Applied to a Mature Field Re-Development, Llanito-Gala Field, Colombia"
"648","Statistical Analysis of Safety Incidents and the Implications of Imperfect Reporting"
"649","Estimation of Flow Functions During Drainage Using Genetic Algorithm"
"650","A Model Segmentation from Spectral Clustering: New Zonation algorithm and Application to Reservoir History Matching"
"651","Automatic Estimation of Fracture Properties in Multistage Fractured Shale Gas Horizontal Wells for Reservoir Modeling"
"652","Drilling Knowledge Management, What is Missing and Can We Fix it?"
"653","Selection of Geologic Models Based on Pareto-Optimality Using Surface Deformation and CO2 Injection Data for the in Salah Gas Sequestration Project"
"654","A New Approach To Diagnosis of Sucker Rod Pump Systems by Analyzing Segments of Downhole Dynamometer Cards"
"655","Joint inversion of H/V spectral ratios and phase-velocity dispersion with active seismic data"
"656","Automated Surveillance and Diagnostic Workflow for the Management of Water Production in Naturally-Fractured Carbonate Reservoirs"
"657","Reducing Reservoir Uncertainty through Systematic Data Integration and Analysis: Case Study of a Partially Appraised Gas Field"
"658","A Predictive Model for Improving the Efficiency of Frac Jobs"
"659","Optimum Logging Suite Design for Characterization of Shaly Sandstones as a Part of Brown Field Exploration Campaign in West Kazakhstan"
"660","Machine Learning Approach for Irregularity Detection in Dynamic Operating Conditions"
"661","Seismic interpretation in the age of big data"
"662","Saturation Height Modelling in a Partially Appraised Gas Field using analogue Field Core Data: An optimisation case study of ZAN Field in the Niger Delta"
"663","Attenuation of swell noise in marine streamer data via nonnegative matrix factorization"
"664","Automated Real-Time Process Data Analysis Using Online Wavelet Transforms: Fault Detection, Data Cleansing and Compression"
"665","Integrating Rock Physics Modeling, Pre-Stack Inversion and Bayesian Classification: A Gulf of Mexico Case Study"
"666","Recovery Factor Prediction for Deepwater Gulf of Mexico Oilfields by Integration of Dimensionless Numbers with Data Mining Techniques"
"667","Experimental Evaluation of Behavior of Intermittent Flow in Scenario of Application of Electrical Submersible Pump"
"668","Advanced Streaming Data Cleansing"
"669","Along String Dynamics Measurements Reveal Isolated Potentially Damaging Upper String Vibration Environments"
"670","Uncertainty Management in the Development of MOT Reservoir, X Field, Niger Delta"
"671","A New Approach to History Matching Using Reservoir Characterization and Reservoir Simulation Integrated Studies"
"672","Modeling and Automatic Control in Artificial Lift using Smart Fields Technologies"
"673","Identification of Flapper Fin Oscillations for Active Flow Control Applications in Improved Watercraft Propulsion"
"674","Petrophysical Considerations in Evaluating and Producing Shale Gas Resources"
"675","Global Expansion of Shale Developments"
"676","Real Time Optimization: Classification and Assessment"
"677","A Critical Review of the Status of SAGD: Where Are We and What Is Next?"
"678","Three Statistical Pitfalls of PHI-K Transforms"
"679","Computing And Computer Modelling In Geotechnical Engineering"
"680","Optimal Fracture Spacing And Stimulation Design For Horizontal Wells In Unconventional Gas Reservoirs"
"681","Time-Lapse Seismic Monitoring and Dynamic Reservoir Characterization, Central Vacuum Unit, Lea County, New Mexico"
"682","FMECA and Commissioning - Guidelines to reliably deliver technology and systems for successful Drilling Automation"
"683","Electrochemical Noise - The First Two Octaves"
"684","Integrated Petrophysical Approach to Evaluation of Fracturing in the Eastern Siberia Riphean Deposits"
"685","Integrated Petrophysical Approach to Evaluation of Fracturing in the Eastern Siberia Riphean Deposits (Russian)"
"686","Successful Design and Operational Practices to Mitigate Common Bit Damage Mechanisms in Hard Laminated Formations"
"687","Vibration Monitoring and Mitigation - An Integrated Measurement System"
"688","Thermal and Geomechanical Dynamics of High Power Electromagnetic Heating of Rocks"
"689","Estimation of Optimal Frac Design Parameters for Asymmetric Hydraulic Fractures as a Result of Interacting Hydraulic and Natural Fractures - Application to the Eagle Ford"
"690","Mitigating Vibration Induced Drillstring Failures Using Data Analytics: Workflow and Case Study"
"691","Well Placement Optimization Using Imperialist Competition Algorithm"
"692","Rapid S-Curve Update Using Ensemble Variance Analysis with Model Validation"
"693","Optimum Logging Suite Design for Characterization of Shaly Sandstones as a Part of Brown Field Exploration Campaign in West Kazakhstan (Russian)"
"694","Use of Transient Tests to Monitor Progress of Flooding in IOR / EOR Operations"
"695","Adaptive Fracturing to Avoid Frac Hits and Interference: A Wolfcamp Shale Case Study"
"696","Application of Kalman Filter to Predictions of Pore Pressure While Drilling"
"697","Using Geomechanical Modeling to Quantify the Impact of Natural Fractures on Well Performance and Microseismicity: Application to the Wolfcamp, Permian Basin"
"698","Topological Data Analysis to Solve Big Data Problem in Reservoir Engineering: Application to Inverted 4D Seismic Data"
"699","Selecting Optimum Drilling Parameters by Incorporating Vibration and Drilling Efficiency Models"
"700","Using an Innovative Tool System to Estimate In-Situ Permeability and Pressure at Multiple Targets in a Monitoring Well in Permian Basin"
"701","Improvements in the Root Cause Analysis of Drillstring Vibration"
"702","Accelerating Hessian-free Gauss-Newton full-waveform inversion via improved preconditioning strategies"
"703","Optimizing Refinery Utility Plants within EPA Constraints"
"704","Fifty Years of the ISRM and Associated Progress in Rock Mechanics"
"705","SEG Distinguished Lecture: The Future Role of the Seismic Method In Petroleum Exploration"
"706","Assisted History Matching Using Pattern Recognition Technology"
"707","Optimization of Production Operations in Petroleum Fields"
"708","Experimental Design as a Framework for Multiple Realisation History Matching: F6 Further Development Studies"
"709","Developing and Validating Simplified Predictive Models for CO2 Geologic Sequestration"
"710","Evaluating Barnett Shale Production Performance-Using an Integrated Approach"
"711","Use of External Geological and Engineering Information for Well Test Design and Interpretation"
"712","Effect of an Invaded Zone on Pressure Transient Data From Multi-Probe and Packer-Probe Wireline Formation Testers in Single and Multilayer Systems"
"713","Comparison and Validation of Theoretical and Empirical Correlations for Black Oil Reservoir Fluid Properties"
"714","A Dual-Grid Automatic History-Matching Technique With Applications to 3D Formation Testing in the Presence of Oil-Based Muds"
"715","A Comprehensive Approach for Assessing the Impacts of Wettability on Oil Production in Carbonate Reservoirs"
"716","SAGD Real-Time Production Optimization Using Adaptive and Gain-Scheduled Model-Predictive-Control: A Field Case Study"
"717","Field Development Plan by Optioneering Process Sensitive to Reservoir and Operational Constraints and Uncertainties"
"718","Application of Nonlinear Adaptive Modeling for Rigorous Representation of Production Facilities in Reservoir Simulation"
"719","Multi-Start Method for Reservoir Model Uncertainty Quantification with Application to Robust Decision-Making"
"720","Fast Identification Of Avo-Anomalies Using Classification Of Prestack Waveforms"
"721","Uncertainty Analysis of a CO2 Sequestration Project Using Surrogate Reservoir Modeling Technique"
"722","Improved Methods for Multivariate Optimization of Field Development Scheduling and Well Placement Design"
"723","Future Vision: The Next Revolution in Production Operations"
"724","An Improved Approach for Sandstone Reservoir Characterization"
"725","A New Look at Conflicting Multiple Objectives Optimization using Fuzzy Rules-Based System"
"726","Estimates of In Situ Stress and Faults/Fractures in Carbonate Reservoirs in Onshore Abu Dhabi Using Geomechanical Forward Modeling"
"727","Incorporating the Effect of Pyrite on Total Organic Carbon Estimation in Eagle Ford Shale"
"728","Prediction and Mitigation of Torsional Vibrations in Drilling Systems"
"729","Impact of Model Parameterisation and Objective Choices on Assisted History Matching and Reservoir Forecasting"
"730","Correlation of Rock Mechanic Properties with Wireline Log Porosities through Fulla Oilfield - Mugllad Basin -Sudan"
"731","Induced-polarization effects in airborne electromagnetic data: Estimating chargeability from shape reversals"
"732","A competitive particle swarm optimization for nonlinear first arrival traveltime tomography"
"733","A Variant of Particle Swarm Optimization for Uncertainty Quantification"
"734","Heavy Crude Oil Sampling and Assay For Refinery Capacity Planning: Design, Plan and Execution In A Supergiant Green Field"
"735","Particle Swarm Optimization Algorithm for Optimum Well Placement Subject to Realistic Field Development Constraints"
"736","Integrated Numerical Simulation for a Giant, Asphaltene Riched, Carbonate Reservoir"
"737","Drilling Rig Sensor Data Validation in the Presence of Real-Time Process Variations"
"738","The Seismic Inversion And Reservoir Prediction In Yong-an Area, Dongying Sag, Bohaiwan Basin"
"739","Feasibility Assessment of a New Approach for Integrating Multiscale Data for High-Resolution Reservoir Characterization"
"740","Structural Nanomaterials For the Regeneration of Numerous Tissues"
"741","Artificial Immune Based Self Organizing Maps For Seismic Facies Analysis"
"742","A Seismic Facies Analysis Approach to Map 3D Seismic Horizons"
"743","Data Analytics for Production Optimization in Unconventional Reservoirs"
"744","In-Line Inspection - The Changes Continue"
"745","Paleogeomorphology Analysis and its Application in Exploration and Production of Karstic Ordovician Carbonate"
"746","Interpretation and Analysis of Transient Sandface and Wellbore Temperature Data"
"747","A Successful Peripheral Water Injection in a Weak-Edge Aquifer Oilfield, Oriente Basin, Ecuador"
"748","Production Optimization Through Utilization of Smart Wells in Intelligent Fields"
"749","A New Damping Model for Nonlinear Drillstring Dynamics: Understanding the Effects of Rotation, Eccentricity, and Confined Fluid Flow and Their Impact on Unconventional Drillstring Design"
"750","Prediction Of Displacements In Tunnelling"
"751","Gas Management, Automation, Integration, Marketing, And Simulation"
"752","Adaptive Multiple Separation Based on Information Maximization"
"753","PSO-based Multi-attribute Dynamic Clustering Technology And Its Application"
"754","Rock Mass Classification Based on Seismic Measurements Using Support Vector Machines"
"755","Advances in Field Data Capturing to Optimize Asset Team Reservoir Development Decision Process"
"756","Hydraulic Fracture Monitoring to Reservoir Simulation: Maximizing Value"
"757","Integrating Microseismic Mapping and Complex Fracture Modeling to Characterize Hydraulic Fracture Complexity"
"758","Managing The Production Lifecycle: A Framework For Scalable Digital Oilfield Implementations"
"759","A Step by Step Approach to Improving Data Quality in Drilling Operations: Field Trials in North America"
"760","From Reservoir Through Process, from Today to Tomorrow - The Integrated Asset Model"
"761","Minimal Similarity Accumulation Attribute for Fault Enhancement"
"762","Real Time Expert System (R.T.E.S.) for Rod Pumping Optimization"
"763","An Integrated, Innovative Solution To Optimize Hydrocarbon Production Through the Use of a Workflow Oriented Approach"
"764","Cana Woodford: Seismic to Simulation Reservoir Characterization"
"765","Enhanced Reparameterization and Data-Integration Algorithms for Robust and Efficient History Matching of Geologically Complex Reservoirs"
"766","Advanced LWD Imaging Technology in the Niobrara - Case Study"
"767","3D Characterisation of Microporosity in Carbonate Cores"
"768","Evolutionary Optimization of Oil Field Development"
"769","Detection of Fracture Corridors from Dynamic Data by Factor Analysis"
"770","Multiple-Zones Flow Unit Modeling of Ilam and Sarvak Carbonate Formations of Iran through an Integrated Approach"
"771","Improved Reservoir Simulation With Seismically Derived Fracture Models"
"772","Estimation of Petrophysical Parameters from 3D Images of Carbonate Core"
"773","Detection And Analysis of Naturally Fractured Gas Reservoirs: Summary And Synthesis"
"774","Regional Eagle Ford Modeling: Integrating Facies, Rock Properties, and Stratigraphy to Understand Geologic and Reservoir Characteristics"
"775","[20]2 Apple ANC Technology to Improve Production Operation Level in SINOPEC"
"776","Underwater Vehicle Model Structure and Parameters Discovering With Genetic Programming Based Symbolic Regression"
"777","An Efficient Optimisation Technique Using Adaptive Spectral High-Dimensional Model Representation: Application to CO2 Sequestration Strategies"
"778","Applying Modern Technologies of Reservoir Quality Prediction by Seismic Data for Complex Fields, ""yumen Petroleum Research Center LLC (TNNC), Russian Federation"
"779","A Knowledge-Integration Framework for Interpreting Seismic Facies Classifications"
"780","Pay Sand Mapping Using Seismic Multi-attribute Calibration Proved to Be Effective From Development to Near Field Exploration Stages: A Case Study From De Soto Canyon, Gulf Of Mexico"
"781","Application of an Integrated Approach to Preserve Geologic and Seismic Consistency in a History Matching Workflow of a North Sea Chalk Reservoir"
"782","A Successful Story of Integration Geological Characterization, Reservoir Simulation, Assisted History Matching and EOR in a Giant Fractured Granite Basement: A Road Map to Maximize Recovery in Unconve…"
"783","Ekofisk 4D Seismic - Seismic History Matching Workflow"
"784","Optimization of Well Placement in Real-Time Production Optimization of Intelligent Fields with Use of Local and Global Methods"
"785","Seismic Facies Analysis of Late Jurassic Sequence With Regional Perspective, Southern Kuwait"
"786","Open-source System For Geophysical Data Processing And Visualization"
"787","Real-Time Asset Management: From Vision to Engagement-An Operator's Experience"
"788","An Analytical Method For the Development Mode of Deepwater Oil And Gas Fields"
"789","[20]1 Enterprise-Wide Management&endash; The Future Refinery Information System"
"790","From Well Data to 3D Models: Determination of the Critical Path in the Process of Characterization of Reservoirs"
"791","Development of Models For Geomechanical Characterization Using Data Mining Techniques Applied to a Database Gathered In Underground Structures"
"792","Reducing Infections Through Nanotechnology"
"793","The Methods for Determining the Viability of Electronic Textbooks and Their Hardware for Use in the University Environment: The Trips, Tricks, and Traps for Their Selection"
"794","Data-Driven Analytics for Production Impact Assessment during Unplanned Facility System Events"
"795","Simulations of Impact of Fracture Models on Shale Gas Well Productivity"
"796","Why Did They Make an Unsafe Decision?"
"797","Predicting Microseismicity from Geomechanical Modeling of Multiple Hydraulic Fractures Interacting with Natural Fractures – Application to the Marcellus and Eagle Ford"
"798","Quantifying Value of Information using Ensemble Variance Analysis"
"799","Modeling Methane Emissions And Ventilation Needs By Examination of Mining Induced Permeability Changes And Related Damage to Ventilation Controls"
"800","Optimization of Multivariate Production-Injection System for Water-Alternating-Gas Miscible Flooding in Pubei Oil Field"
"801","Revealing the Uncertainty of Heterogeneities in Fractured Basement: A Case Study from the South Malay Basin Offshore Peninsular, Malaysia"
"802","Multivariate Statistical Analysis for Resource Estimation in Unconventional Plays Application to Eagle Ford Shales"
"803","Best Practices And Lessons Learned After 10 Years Of Digital Oilfield (DOF) Implementations"
"804","Secret Weapon Against the Red Queen: Using Chemical Packers and Degradable Mechanical Diverters in Refracturing Operations"
"805","Evaluation of Innovation-driven Development Capacities in Oil and Gas Industry"
"806","Quantifying the Value of Surveillance and Developing an Integrated Surveillance Plan for the Greater Burgan Field, Kuwait"
"807","Fracture System Characterization In Underground Excavations Using Digital Trace Map Analysis"
"808","Automatic High Resolution Sedimentary Dip Detection On Borehole Imagery"
"809","Granite Wash Field Study-Buffalo Wallow Field, Texas Panhandle"
"810","An Inflow Prediction Model for Open Hole Gravel Pack and Frac & Pack Completions"
"811","Integrated Seismic Imaging System For Geological Prediction During Tunnel Construction"
"812","Bathymetric Changes Related to Wave and Flood in the Tenryu River Delta-front, Japan"
"813","The Rise of the Machines, Analytics, and the Digital Oilfield: Artificial Intelligence in the Age of Machine Learning and Cognitive Analytics"
"814","A Comparison of Empirical Methods and Evolutionary Programming To Predict Blast-Induced Ground Vibration"
"815","INTELLIGENT SYSTEM FOR KNOWLEDGE MANAGEMENT IN PETROLEUM INDUSTRIES"
"816","Next-Generation Visualization Technologies for Exploration & Production"
"817","New Era For China Manganese Nodules Mining Summary of Last Five Years' Research Activities And Prospective"
"818","New Azimuthal Resistivity And High-Resolution Imager Facilitates Formation Evaluation And Well Placement Of Horizontal Slim Boreholes"
"819","GIS-based Subsidence Risk Assessment Due to Underground Mining Activities At Taeback Province In Korea"
"820","HSE Training Station - the Challenge of Mobilization and Qualifying New Employees Using Virtual Games"
"821","Development of Agent Based Docking System For Autonomous Underwater Vehicles"
"822","[7]1 The Road to Information Management in the Oil Industry"
"823","Modeling, History Matching, Forecasting and Analysis of Shale Reservoirs performance Using Artificial Intelligence"
"824","Tight Gas Reservoirs; Challenges for Appraisal and Development, Case History in Abu Dhabi Oil Company for Onshore Operations (ADCO) Fields"
"825","The use of Intelligent and Integrated systems to reduce risks, improve quality and minimise effects of serious incidents within the Offshore Industry."
"826","Litho-Facies and Permeability Prediction from Electrical Logs using Fuzzy Logic"
"827","Screening Strategy for Chemical Enhanced Oil Recovery in Wyoming Basins"
"828","Enhancing Unconventional Gas Development Economics Through Proppant Surface Modification"
"829","Developing a Robust Structural Health Monitoring Method For Offshore Jacket Platform Using Modified AIS Algorithm"
"830","A Novel Screening Method for Selection of Horizontal Refracturing Candidates in Shale Gas Reservoirs"
"831","Reservoir Characterization for Improved Petrophysical Properties Predictability & Validations: Capillary Pressures and Permeability (Niger Delta Province as Case Study)"
"832","Assessment of Data-Driven, Machine Learning Techniques for Machinery Prognostics of Offshore Assets"
"833","Movable Oil Saturation Evaluation in an Ultra-Mature Carbonate Environment"
"834","The Promise and Challenges of Digital Oilfield Solutions: Lessons Learned from Global Implementations and Future Directions"
"835","Compressor Station Optimization"
"836","Estimation of Permeability from Wireline Logs in a Middle Eastern Carbonate Reservoir Using Fuzzy Logic"
"837","Reducing Uncertainty Through Updating - From Experiments to the Observational Method"
"838","Challenges of Determining Petrophysical Reservoir Characterizations in Complex Low Porosity Fractured Carbonates – Integrating Pore Geometry, Deterministic Petrophysical Rock Types and Saturation Heig…"
"839","Use of Approximate Dynamic Programming for Production Optimization"
"840","Implementation of an Integrated Digital Field Project: Intricacies of Project Management and Change Management Processes for Successful Project Execution"
"841","Application of an Evolutionary Algorithm in Well Test Characterization of Naturally Fractured Vuggy Reservoirs"
"842","Invigorating an Honest Giant: How Integrated Studies Reduced UTCs and Improved Profitability in the Amin Field, South Oman"
"843","Integrated Methodology for Laboratory Evaluation of Shale Plays Cores"
"844","A Hierarchical Control Strategy of Autonomous Unmanned Surface Vehicle Swarm"
"845","Geomechanics of Fracture Density"
"846","An Innovative Method for Improving Accident Investigation."
"847","Integrated Rock-Typing Workflow in Shallow Unconventional Reservoir in Kuwait"
"848","Software Agents--An Emergent Software Technology That Enables Us To Build More Dynamic, Adaptable, and Robust Systems"
"849","Challenges In Selecting Appropriate Input Parameters For Numerical Models"
"850","Ship’s Propeller Jet-Induced Scour in Westports Malaysia"
"851","Optimal Well-Testing Strategy for Production Optimization: A Monte Carlo Simulation Approach"
"852","Well Management Under Uncertain Gas or Water Oil Ratios"
"853","Automatic Calibration of Real-Time Computer Models in Intelligent Drilling Control Systems - Results From a North Sea Field Trial"
"854","A Massively Parallel Reservoir Simulator for Large Scale Reservoir Simulation"
"855","Real-time Production Optimization in the Okume Complex Field, Offshore Equatorial Guinea"
"856","EOR Advisor System: A Comprehensive Approach to EOR Selection"
"857","A Practical Approach to the Application of an Expert System to Gas Pipeline Operation And Data Integrity"
"858","A Two-Level Strategy to Realize Life-Cycle Production Optimization in an Operational Setting"
"859","Assessment of Production Engineering Workflows for Saudi Aramco Production Operations Surveillance Hub (POSH)"
"860","Evaluating Fracturing Fluid Flowback in Marcellus Using Data Mining Technologies"
"861","Emerging Technologies and Workflows in Digital Oil Field"
"862","Enhancing and Sustaining Well Production - Granite Wash, TX Panhandle"
"863","Smart Learning from Past Data Yields 50% Incremental Oil Production"
"864","Prediction of Sandstone Reservoir Quality (SSRQ) Using Whole-Rock Geochemistry, Siri Canyon, Danish North Sea"
"865","Mathematical Modeling of a VGO Hydrotreating Reactor"
"866","The Challenges of Numerical Simulation of a Complex Fractured Carbonate Reservoir with Available Disparate Data Sets"
"867","The Importance of Rock Mechanics to the Petroleum Industry"
"868","Meeting the Challenges of Upcoming Subsea Field Developments: From Carbon Steel Line Pipe to New Materials and Pipe Concepts"
"869","Production Data Management and Surveillance in Shale Operations"
"870","Information Technology and Field Data Required to Successfully Manage Shale Production Operations"
"871","Proactive Optimization of Oil Recovery in Multilateral Wells Using Real Time Production Data"
"872","The Recommended Practice for Surface Casing Vent Flow and Gas Migration Intervention"
"873","Automating Predictive Model Runs For Gas Control"
"874","Benchmarking Measurement and Automation Practices in the Upstream Business"
"875","Big Data in Exploration and Production: Silicon Snake-Oil, Magic Bullet, or Useful Tool?"
"876","Reservoir Quality Evaluation for Stimulation Design in Low Permeability Gas Development"
"877","The Application Of The Mathematics Of Fuzzy Logic To Petrophysics"
"878","A Case Study of Successful Optimized Stimulation Design in the Woodford Formation in Central Oklahoma"
"879","Carbonate Petrophysical Rock Typing - Integrating Geological Attributes and Petrophysical Properties While Linking With Dynamic Behavior"
"880","CATALYSIS: NEW CONCEPTS AND NEW MATERIALS"
"881","An Integrated Cased-Hole Sonic Pulsed-Neutron Log Workflow for Tight-Gas Volumetrics and Mechanical Properties Characterization"
"882","Evolution and Adoption of a Corporate Strategy For Digital Oilfield Products and Services Within a Service Company"
"883","A Type Curve for Carbonates Rock Typing"
"884","Completion Optimization While Drilling – Geomechanical Steering towards Fracable Rock for Optimal Selection of Stage Spacing and Cluster Density in Unconventional Wells"
"885","Optimal Field Development Planning of Well Locations With Reservoir Uncertainty"
"886","Optimal Well Work-over Scheduling: Application of Intelligent Well Control Optimisation Technology to Conventional Wells"
"887","Maximising Deepwater Asset Value with Subsea Processing: Employing Synergy on Subsea Fluid Sampling"
"888","Programs Enable Operational Excellence in a Challenging Environment, Pushing the Limits of Large Data Transfer for Real Time Monitoring and Surveillance Operations in San Joaquin Valley"
"889","Predictive Asset Management"
"890","Monitoring and Control of Drilling Utilizing Continuously Updated Process Models"
"891","Automatic Evaluation of Near-Well Formation Flow Interaction during Drilling Operations"
"892","Improved Permeability Prediction In Heterogenous Carbonate Formations"
"893","Application of Statistical Proxies to Speed Up Field Development Optimization Procedures"
"894","A Machine Learning Approach to the Prediction of Tidal Currents."
"895","Improved Estimation of Bubble Point Pressure of Crude Oils: Modelling by Regression Analysis"
"896","Pre-Selection Of Reservoir Models From A Geostatistics-Based Petrophysical Seismic Inversion"
"897","Numerical Maximization of the Secondary Polymer Flooding Value in a Mature, Offshore, Heavy Oil Reservoir"
"898","i-field Programs Enable Operational Excellence in a Challenging Environment; Pushing the Limits of Large Data Transfer for Real Time Monitoring and Surveillance Operations in San Joaquin Valley"
"899","Automation of Well Construction Fluids Domain"
"900","New Trends in Waterflooding Project Optimization"
"901","Evaluation of Residual Oil Saturation After Waterflood in a Large Carbonate Field, Oman"
"902","Rock Typing in Eagle Ford, Barnett, and Woodford Formations"
"903","Wired Drill Pipe Telemetry Enables Real-Time Evaluation of Kick During Managed Pressure Drilling"
"904","New Algorithms and Integrated Workflow for Tight Gas and Shale Completions"
"905","Engineering Design Challenges and Opportunities beyond Waterflooding in Offshore Reservoirs"
"906","Successful Polymer Flooding of Low-Permeability, Oil-Wet, Carbonate Reservoir Cores"
"907","Offshore MultI-Use Port Islands and Their Environment"
"908","Improved Oil Recovery: Status And Opportunities"
"909","Reservoir Characterization Methodology to Identify Reserve Growth Potential"
"910","Strategies for the Improvement of Quality of Life and Service at the Wellsite"
"911","Implementing Real-Time Asset Management: A Practical Perspective"
"912","Wettability Profile of a Thick Carbonate Reservoir by the New Rise in Core Wettability Characterization Method"
"913","The Application of Total Quality Management in Linking Advanced Technology to Financial Performance"
"914","Phanerozoic Plate Reconstructions of the Middle East: Insights Into the Context of Arabian Tectonics and Sedimentation"
"915","Self-Adapting Bottom Hole Assembly Vibration Suppression"
"916","Advanced Wells: A Comprehensive Approach to the Selection between Passive and Active Inflow Control Completions"
"917","An Integrated Computer Based Method to Maximize Infill Drilling, Sidetracking and Workover Potential in Multiple Stacked Hydrocarbon Reservoirs"
"918","On the Efficacy of Tornado Charts"
